{"cameraMode":{"drawMode":0,"name":"Shaded","section":"Shading Mode"},"sceneLighting":false,"audioPlay":false,"sceneViewState":{"showFog":true,"showMaterialUpdate":true,"showSkybox":true,"showFlares":true,"showImageEffects":true,"showParticleSystems":true},"in2DMode":false,"pivot":{"x":1.415969967842102,"y":1.1324694156646729,"z":-1.2817648649215699},"rotation":{"x":-0.010366199538111687,"y":-0.9247947335243225,"z":0.025262296199798585,"w":-0.37948647141456606},"size":5.440601348876953,"orthographic":false}