{"cameraMode":{"drawMode":0,"name":"Shaded","section":"Shading Mode"},"sceneLighting":false,"audioPlay":false,"sceneViewState":{"showFog":true,"showMaterialUpdate":true,"showSkybox":true,"showFlares":true,"showImageEffects":true,"showParticleSystems":true},"in2DMode":false,"pivot":{"x":-16.350000381469728,"y":10.300000190734864,"z":21.149999618530275},"rotation":{"x":0.0044356281869113449,"y":0.8225853443145752,"z":-0.568588376045227,"w":0.0064171189442276958},"size":55.489173889160159,"orthographic":false}