{"cameraMode":{"drawMode":0,"name":"Shaded","section":"Shading Mode"},"sceneLighting":false,"audioPlay":false,"sceneViewState":{"showFog":true,"showMaterialUpdate":true,"showSkybox":false,"showFlares":true,"showImageEffects":true,"showParticleSystems":true},"in2DMode":false,"pivot":{"x":6.738268852233887,"y":-2.232405185699463,"z":4.171440124511719},"rotation":{"x":-0.018907157704234124,"y":-0.714862585067749,"z":-0.019269637763500215,"w":0.6987789869308472},"size":57.36787414550781,"orthographic":false}