{"cameraMode":{"drawMode":0,"name":"Shaded","section":"Shading Mode"},"sceneLighting":false,"audioPlay":false,"sceneViewState":{"showFog":true,"showMaterialUpdate":true,"showSkybox":true,"showFlares":true,"showImageEffects":true,"showParticleSystems":true},"in2DMode":false,"pivot":{"x":3.567350387573242,"y":-12.568639755249024,"z":0.9776041507720947},"rotation":{"x":-0.15115585923194886,"y":0.6933231353759766,"z":-0.6879464983940125,"w":-0.15236815810203553},"size":19.39708709716797,"orthographic":false}