{"cameraMode":{"drawMode":0,"name":"Shaded","section":"Shading Mode"},"sceneLighting":false,"audioPlay":false,"sceneViewState":{"showFog":true,"showMaterialUpdate":true,"showSkybox":true,"showFlares":true,"showImageEffects":true,"showParticleSystems":true},"in2DMode":false,"pivot":{"x":2.49727201461792,"y":-0.05476278066635132,"z":2.391472578048706},"rotation":{"x":0.6083049178123474,"y":-0.011885103769600392,"z":0.009150272235274315,"w":0.7935789227485657},"size":14.921757698059082,"orthographic":false}