{"cameraMode":{"drawMode":0,"name":"Shaded","section":"Shading Mode"},"sceneLighting":false,"audioPlay":false,"sceneViewState":{"showFog":true,"showMaterialUpdate":true,"showSkybox":true,"showFlares":true,"showImageEffects":true,"showParticleSystems":true},"in2DMode":false,"pivot":{"x":0.8809269070625305,"y":-5.395158290863037,"z":0.08042478561401367},"rotation":{"x":0.04494776204228401,"y":-0.04134504124522209,"z":0.0018481985898688436,"w":0.9981433153152466},"size":3.2644410133361818,"orthographic":false}