{"cameraMode":{"drawMode":0,"name":"Shaded","section":"Shading Mode"},"sceneLighting":false,"audioPlay":false,"sceneViewState":{"showFog":true,"showMaterialUpdate":true,"showSkybox":true,"showFlares":true,"showImageEffects":true,"showParticleSystems":true},"in2DMode":false,"pivot":{"x":-14.008230209350586,"y":1.18375563621521,"z":-0.509705662727356},"rotation":{"x":-0.018907157704234124,"y":-0.714862585067749,"z":-0.019269637763500215,"w":0.6987789869308472},"size":44.81298828125,"orthographic":false}