{"cameraMode":{"drawMode":0,"name":"Shaded","section":"Shading Mode"},"sceneLighting":false,"audioPlay":false,"sceneViewState":{"showFog":true,"showMaterialUpdate":true,"showSkybox":true,"showFlares":true,"showImageEffects":true,"showParticleSystems":true},"in2DMode":false,"pivot":{"x":-6.2695841789245609,"y":-70.84931182861328,"z":-1.3682818412780762},"rotation":{"x":0.7270179390907288,"y":0.022271689027547838,"z":-0.023546354845166208,"w":0.6858843564987183},"size":82.59687805175781,"orthographic":false}