{"cameraMode":{"drawMode":0,"name":"Shaded","section":"Shading Mode"},"sceneLighting":false,"audioPlay":false,"sceneViewState":{"showFog":true,"showMaterialUpdate":true,"showSkybox":true,"showFlares":true,"showImageEffects":true,"showParticleSystems":true},"in2DMode":false,"pivot":{"x":13.22612190246582,"y":-15.9942626953125,"z":0.5013847351074219},"rotation":{"x":-0.5322554707527161,"y":-0.05299967899918556,"z":0.033413100987672809,"w":-0.8442634344100952},"size":259.64935302734377,"orthographic":false}