{"cameraMode":{"drawMode":0,"name":"Shaded","section":"Shading Mode"},"sceneLighting":false,"audioPlay":false,"sceneViewState":{"showFog":true,"showMaterialUpdate":true,"showSkybox":false,"showFlares":true,"showImageEffects":true,"showParticleSystems":true},"in2DMode":false,"pivot":{"x":-16.349994659423829,"y":10.299995422363282,"z":21.149993896484376},"rotation":{"x":-0.24922019243240357,"y":-0.030203891918063165,"z":0.007776712533086538,"w":-0.9679453372955322},"size":94.53998565673828,"orthographic":false}